INSERT INTO "main"."vacancy_analytics_spheres" ("id", "group", "name", "description", "time_create", "time_edit") VALUES ('backend', 'development', 'Бекенд-разработка', NULL, '2025-08-24 21:18:36', NULL);
INSERT INTO "main"."vacancy_analytics_spheres" ("id", "group", "name", "description", "time_create", "time_edit") VALUES ('frontend', 'development', 'Фронтенд-разработка', NULL, '2025-08-24 21:19:01', NULL);
INSERT INTO "main"."vacancy_analytics_spheres" ("id", "group", "name", "description", "time_create", "time_edit") VALUES ('fullstack', 'development', 'Фуллстек-разработка', NULL, '2025-08-24 21:19:39', NULL);
INSERT INTO "main"."vacancy_analytics_spheres" ("id", "group", "name", "description", "time_create", "time_edit") VALUES ('qa', 'testing', 'Тестирование', NULL, '2025-08-24 21:19:55', NULL);

INSERT INTO "main"."vacancy_analytics_stack" ("id", "name", "description", "time_create", "time_edit") VALUES ('vue', 'Vue.js', NULL, '2025-08-24 21:35:21', NULL);
INSERT INTO "main"."vacancy_analytics_stack" ("id", "name", "description", "time_create", "time_edit") VALUES ('react', 'React.js', NULL, '2025-08-24 21:35:37', NULL);

INSERT INTO "main"."vacancy_analytics_headlines" ("id", "name", "sphere_id", "stack_id", "lang", "is_active", "time_create", "time_edit") VALUES ('testirovschik', 'Тестировщик', 'qa', NULL, 'ru', 1, '2025-08-24 20:46:47', NULL);
INSERT INTO "main"."vacancy_analytics_headlines" ("id", "name", "sphere_id", "stack_id", "lang", "is_active", "time_create", "time_edit") VALUES ('qa-engineer', 'QA Engineer', 'qa', NULL, 'en', 1, '2025-08-24 20:47:06', NULL);
INSERT INTO "main"."vacancy_analytics_headlines" ("id", "name", "sphere_id", "stack_id", "lang", "is_active", "time_create", "time_edit") VALUES ('qa-automation', 'QA Automation', 'qa', NULL, 'en', 1, '2025-08-24 20:47:47', NULL);
INSERT INTO "main"."vacancy_analytics_headlines" ("id", "name", "sphere_id", "stack_id", "lang", "is_active", "time_create", "time_edit") VALUES ('automation-qa', 'Automation QA', 'qa', NULL, 'en', 1, '2025-08-24 20:48:02', NULL);
INSERT INTO "main"."vacancy_analytics_headlines" ("id", "name", "sphere_id", "stack_id", "lang", "is_active", "time_create", "time_edit") VALUES ('qa-automation-engineer', 'QA Automation Engineer', 'qa', NULL, 'en', 1, '2025-08-24 20:48:14', NULL);
INSERT INTO "main"."vacancy_analytics_headlines" ("id", "name", "sphere_id", "stack_id", "lang", "is_active", "time_create", "time_edit") VALUES ('automation-qa-engineer', 'Automation QA Engineer', 'qa', NULL, 'en', 1, '2025-08-24 20:48:31', NULL);
INSERT INTO "main"."vacancy_analytics_headlines" ("id", "name", "sphere_id", "stack_id", "lang", "is_active", "time_create", "time_edit") VALUES ('inzhener-po-testirovaniju', 'Инженер по тестированию', 'qa', NULL, 'ru', 1, '2025-08-24 20:48:41', NULL);
INSERT INTO "main"."vacancy_analytics_headlines" ("id", "name", "sphere_id", "stack_id", "lang", "is_active", "time_create", "time_edit") VALUES ('vue-razrabotchik', 'Vue разработчик', 'frontend', 'vue', 'ru', 1, '2025-08-24 20:48:52', NULL);
INSERT INTO "main"."vacancy_analytics_headlines" ("id", "name", "sphere_id", "stack_id", "lang", "is_active", "time_create", "time_edit") VALUES ('vue-frontend', 'Vue Frontend', 'frontend', 'vue', 'en', 1, '2025-08-24 20:49:09', NULL);
INSERT INTO "main"."vacancy_analytics_headlines" ("id", "name", "sphere_id", "stack_id", "lang", "is_active", "time_create", "time_edit") VALUES ('vuejs-frontend', 'Vue.js Frontend', 'frontend', 'vue', 'en', 1, '2025-08-24 20:49:16', NULL);
INSERT INTO "main"."vacancy_analytics_headlines" ("id", "name", "sphere_id", "stack_id", "lang", "is_active", "time_create", "time_edit") VALUES ('razrabotchik-vue', 'Разработчик Vue', 'frontend', 'vue', 'ru', 1, '2025-08-24 20:49:24', NULL);
INSERT INTO "main"."vacancy_analytics_headlines" ("id", "name", "sphere_id", "stack_id", "lang", "is_active", "time_create", "time_edit") VALUES ('razrabotchik-vuejs', 'Разработчик Vue.js', 'frontend', 'vue', 'ru', 1, '2025-08-24 20:49:31', NULL);
INSERT INTO "main"."vacancy_analytics_headlines" ("id", "name", "sphere_id", "stack_id", "lang", "is_active", "time_create", "time_edit") VALUES ('vue-developer', 'Vue Developer', 'frontend', 'vue', 'en', 1, '2025-08-24 20:49:43', NULL);
INSERT INTO "main"."vacancy_analytics_headlines" ("id", "name", "sphere_id", "stack_id", "lang", "is_active", "time_create", "time_edit") VALUES ('vuejs-developer', 'Vue.js Developer', 'frontend', 'vue', 'en', 1, '2025-08-24 20:49:50', NULL);
INSERT INTO "main"."vacancy_analytics_headlines" ("id", "name", "sphere_id", "stack_id", "lang", "is_active", "time_create", "time_edit") VALUES ('react-razrabotchik', 'React разработчик', 'frontend', 'react', 'ru', 1, '2025-08-24 20:49:57', NULL);
INSERT INTO "main"."vacancy_analytics_headlines" ("id", "name", "sphere_id", "stack_id", "lang", "is_active", "time_create", "time_edit") VALUES ('react-frontend', 'React Frontend', 'frontend', 'react', 'en', 1, '2025-08-24 20:50:05', NULL);
INSERT INTO "main"."vacancy_analytics_headlines" ("id", "name", "sphere_id", "stack_id", "lang", "is_active", "time_create", "time_edit") VALUES ('razrabotchik-react', 'Разработчик React', 'frontend', 'react', 'ru', 1, '2025-08-24 20:50:15', NULL);
INSERT INTO "main"."vacancy_analytics_headlines" ("id", "name", "sphere_id", "stack_id", "lang", "is_active", "time_create", "time_edit") VALUES ('react-developer', 'React Developer', 'frontend', 'react', 'en', 1, '2025-08-24 20:50:22', NULL);
INSERT INTO "main"."vacancy_analytics_headlines" ("id", "name", "sphere_id", "stack_id", "lang", "is_active", "time_create", "time_edit") VALUES ('react-frontend-developer', 'React фронтенд разработчик', 'frontend', 'react', 'ru', 1, '2025-08-24 20:51:36', NULL);

INSERT INTO "main"."vacancy_analytics_sources" ("id", "is_active") VALUES ('hh', 1);
INSERT INTO "main"."vacancy_analytics_sources" ("id", "is_active") VALUES ('linkedin', 1);
